Wall time,Step,Value
1767463029.9999084,10000,114.33333587646484
1767463039.092812,20000,857.8394775390625
1767463042.3432274,30000,776.2930908203125
1767463049.910452,40000,777.760009765625
1767463058.9564745,50000,705.2380981445312
1767463062.1750872,60000,577.558837890625
1767463069.466153,70000,656.4038696289062
1767463077.345539,80000,550.4722290039062
1767463082.0932837,90000,607.861083984375
1767463089.6931047,100000,518.241943359375
1767463096.4912162,110000,500.11865234375
1767463101.5543342,120000,365.7317199707031
1767463109.3261762,130000,288.2469177246094
1767463115.9511118,140000,157.6885223388672
1767463121.101678,150000,252.48077392578125
1767463128.5281403,160000,268.0428466796875
1767463133.5807252,170000,224.52459716796875
1767463140.7406173,180000,156.3015899658203
1767463147.9717667,190000,176.0
1767463152.9431114,200000,147.27536010742188
1767463160.708945,210000,137.71212768554688
1767463167.9223728,220000,144.64515686035156
1767463172.697767,230000,140.3000030517578
1767463179.879477,240000,137.9672088623047
1767463187.3285723,250000,106.43333435058594
1767463192.5685563,260000,162.11940002441406
1767463200.0406432,270000,129.0
1767463207.3178928,280000,108.98529052734375
1767463212.307892,290000,134.36065673828125
1767463219.698596,300000,110.06896209716797
1767463227.0773637,310000,94.98550415039062
1767463232.105582,320000,122.42105102539062
1767463239.596246,330000,88.0
1767463246.9238815,340000,92.68254089355469
1767463251.7430508,350000,109.61289978027344
1767463259.1818595,360000,146.75999450683594
1767463264.4496226,370000,122.27027130126953
1767463271.474162,380000,64.52830505371094
1767463278.8447626,390000,94.62686920166016
1767463284.0103335,400000,97.17646789550781
1767463291.4680312,410000,96.07246398925781
1767463298.985936,420000,105.265625
1767463303.9647417,430000,101.48979949951172
1767463311.4723504,440000,86.34375
1767463318.6344492,450000,92.2786865234375
1767463323.6661148,460000,131.05262756347656
1767463331.1756382,470000,143.72727966308594
1767463338.7795894,480000,94.79364776611328
1767463343.6635418,490000,98.01667022705078
1767463351.2223136,500000,127.47618865966797
1767463358.1537063,510000,75.73332977294922
1767463363.2350395,520000,91.64286041259766
1767463371.2034352,530000,97.46154022216797
1767463376.1145654,540000,63.28813552856445
1767463383.2677484,550000,65.50877380371094
1767463390.7956479,560000,72.42857360839844
1767463395.921558,570000,71.88888549804688
1767463403.2780476,580000,64.65957641601562
1767463410.8660762,590000,78.3442611694336
1767463416.0081537,600000,102.3548355102539
1767463423.5748272,610000,72.9111099243164
1767463430.8962398,620000,72.0
1767463435.745758,630000,55.65306091308594
1767463443.0616016,640000,86.68965148925781
1767463450.4796035,650000,63.27083206176758
1767463455.9735618,660000,95.859375
1767463463.2006545,670000,83.58181762695312
1767463470.369108,680000,93.52941131591797
1767463475.8311136,690000,88.0999984741211
1767463483.163293,700000,74.625
1767463488.4466152,710000,64.75438690185547
1767463495.741336,720000,97.07142639160156
1767463503.1451492,730000,69.61538696289062
1767463508.2816234,740000,77.9272689819336
1767463515.9251382,750000,76.15384674072266
1767463523.147346,760000,76.37735748291016
1767463528.3056474,770000,85.20833587646484
1767463535.8792446,780000,83.93220520019531
1767463543.010341,790000,85.35848999023438
1767463548.0597768,800000,96.41999816894531
1767463555.6325624,810000,78.63157653808594
1767463562.6196835,820000,83.0
1767463568.240563,830000,68.42105102539062
1767463575.8045328,840000,88.53704071044922
1767463583.1952448,850000,104.54000091552734
1767463588.2879434,860000,89.90740966796875
1767463595.618085,870000,75.875
1767463603.2071915,880000,82.16000366210938
1767463608.3414972,890000,77.80000305175781
1767463616.0834117,900000,86.89830780029297
1767463620.9606013,910000,88.84444427490234
1767463628.4201462,920000,79.37036895751953
1767463635.919145,930000,110.26415252685547
1767463640.935202,940000,71.13725280761719
1767463648.528035,950000,88.57447052001953
1767463655.8256774,960000,102.11764526367188
1767463660.9413304,970000,93.6875
1767463668.8046987,980000,82.94642639160156
1767463675.6818976,990000,89.08000183105469
1767463681.2666779,1000000,81.88461303710938
1767463688.4644003,1010000,95.57691955566406
1767463695.742878,1020000,92.48936462402344
1767463701.4757655,1030000,90.58000183105469
1767463708.98515,1040000,109.56363677978516
1767463716.2645323,1050000,94.8431396484375
1767463721.474053,1060000,80.29166412353516
1767463728.9705794,1070000,79.26786041259766
1767463734.1992464,1080000,97.31914520263672
1767463741.8097394,1090000,109.51851654052734
1767463748.7732558,1100000,97.46939086914062
1767463754.1887481,1110000,108.67346954345703
1767463761.7577715,1120000,88.6140365600586
1767463768.6968327,1130000,121.97826385498047
1767463774.15657,1140000,92.65384674072266
1767463781.3148596,1150000,94.4117660522461
1767463788.777239,1160000,113.55101776123047
1767463794.0897393,1170000,87.1875
1767463801.5117552,1180000,82.47368621826172
1767463808.7170632,1190000,100.5
1767463814.0351145,1200000,90.17646789550781
1767463821.3807893,1210000,87.21568298339844
1767463828.8514638,1220000,100.80769348144531
1767463833.9643202,1230000,85.89795684814453
1767463841.466115,1240000,81.52941131591797
1767463846.5230317,1250000,90.89795684814453
1767463854.3125412,1260000,91.83333587646484
1767463861.1171758,1270000,81.53191375732422
1767463866.8597982,1280000,90.94117736816406
1767463874.371795,1290000,89.2203369140625
1767463881.7805517,1300000,80.5999984741211
1767463887.211823,1310000,120.19298553466797
1767463894.4264238,1320000,85.42552947998047
1767463901.8955083,1330000,86.01818084716797
1767463906.975235,1340000,93.31111145019531
1767463914.684655,1350000,85.83928680419922
1767463921.7011025,1360000,82.27999877929688
1767463927.2396967,1370000,85.71739196777344
1767463934.4397569,1380000,92.23728942871094
1767463941.7720778,1390000,79.70270538330078
1767463947.2990768,1400000,76.57376861572266
1767463954.2446256,1410000,69.22000122070312
1767463959.4380357,1420000,90.31111145019531
1767463966.9565527,1430000,104.11538696289062
1767463974.5241106,1440000,77.58928680419922
1767463979.655691,1450000,74.43181610107422
1767463987.1416564,1460000,80.47916412353516
1767463994.648772,1470000,81.44827270507812
1767463999.5158188,1480000,72.7727279663086
1767464007.1091475,1490000,83.375
1767464014.4967442,1500000,85.3559341430664
1767464019.4710586,1510000,73.79545593261719
1767464026.9698937,1520000,81.40816497802734
1767464034.5720453,1530000,77.28333282470703
1767464039.5219498,1540000,82.83333587646484
1767464046.7759757,1550000,76.5227279663086
1767464054.5060368,1560000,94.89830780029297
1767464059.3526814,1570000,86.28260803222656
1767464066.9520748,1580000,82.0465087890625
1767464072.3668468,1590000,81.08064270019531
1767464078.9844582,1600000,81.86666870117188
1767464086.574968,1610000,93.86956787109375
1767464091.849246,1620000,79.10713958740234
1767464099.0124958,1630000,87.46666717529297
1767464106.625247,1640000,80.86274719238281
1767464112.5087385,1650000,81.78571319580078
1767464119.6963353,1660000,79.38636016845703
1767464127.014089,1670000,75.96226501464844
1767464132.039902,1680000,75.32691955566406
1767464139.235559,1690000,84.21739196777344
1767464147.0727699,1700000,71.73584747314453
1767464152.158735,1710000,83.07546997070312
1767464159.2772644,1720000,79.1276626586914
1767464166.6040125,1730000,75.5199966430664
1767464172.0185416,1740000,77.01851654052734
1767464179.0031016,1750000,77.0
1767464186.588964,1760000,78.02083587646484
1767464191.659174,1770000,83.66666412353516
1767464198.0077024,1780000,77.7959213256836
1767464203.3705575,1790000,74.0434799194336
1767464210.2591426,1800000,82.66666412353516
1767464216.723846,1810000,79.51162719726562
1767464221.8293517,1820000,71.43636322021484
1767464228.5179687,1830000,74.22000122070312
1767464235.53581,1840000,64.68627166748047
1767464240.5676427,1850000,71.18367004394531
1767464247.47336,1860000,74.36000061035156
1767464254.3504512,1870000,79.96154022216797
1767464259.2760694,1880000,78.14545440673828
1767464266.0429096,1890000,71.49056243896484
1767464272.7988274,1900000,75.57447052001953
1767464277.7594528,1910000,75.9795913696289
1767464284.5242956,1920000,90.15384674072266
1767464291.2224698,1930000,68.22222137451172
1767464296.4682298,1940000,78.66000366210938
1767464303.5242627,1950000,67.82758331298828
1767464310.1715064,1960000,83.71428680419922
1767464315.0648255,1970000,73.82142639160156
1767464321.8912559,1980000,75.44230651855469
1767464326.6952052,1990000,70.74468231201172
1767464333.4556084,2000000,80.28571319580078
